<?xml version="1.0" encoding="UTF-8"?>
<project-private xmlns="http://www.netbeans.org/ns/project-private/1">
    <editor-bookmarks xmlns="http://www.netbeans.org/ns/editor-bookmarks/2" lastBookmarkId="0"/>
    <open-files xmlns="http://www.netbeans.org/ns/projectui-open-files/2">
        <group>
            <file>file:/C:/Users/Admin/Desktop/New%20Folder%20(2)/lab%2001%2002/Lab02/src/Task01/SortTest.java</file>
            <file>file:/C:/Users/Admin/Desktop/New%20Folder%20(2)/lab%2001%2002/Lab02/src/Task01/MyArray.java</file>
            <file>file:/C:/Users/Admin/Desktop/New%20Folder%20(2)/lab%2001%2002/Lab02/src/Task02/MyArray.java</file>
            <file>file:/C:/Users/Admin/Desktop/New%20Folder%20(2)/lab%2001%2002/Lab02/src/Task02/SortTest.java</file>
        </group>
    </open-files>
</project-private>
